Latitude,Longnitude,City Name,LinkedIn,Snapchat,YouTube,Messenger,QQ,Instagram,Pinterest,WhatsApp,WeChat,Tumblr,Tik-Tok,Skype,Viber,Telegram,Tagged,Reddit,Baidu-Tieba,Medium,Tagged,Renren,Badoo,Myspace,StumbleUpon,The-Dots,Kiwibox,Skyrock,Delicious,Snapfish,ReverbNation,Flixster,Ravelry,Wayn,Vine,Classmates,Discord,Facebook,Twitter
18.987807,72.836447,Mumbai,,,,,,,,,,,,,,,,,,,,,,,,,,,,,,,,,,,,,
28.651952,77.231495,Delhi,,,,,,,,,,,,,,,,,,,,,,,,,,,,,,,,,,,,,
22.562627,88.363044,Kolkata,,,,,,,,,,,,,,,,,,,,,,,,,,,,,,,,,,,,,
13.084622,80.248357,Chennai,,,,,,,,,,,,,,,,,,,,,,,,,,,,,,,,,,,,,
12.977063,77.587106,Bengaluru,,,,,,,,,,,,,,,,,,,,,,,,,,,,,,,,,,,,,
17.384052,78.456355,Hyderabad,,,,,,,,,,,,,,,,,,,,,,,,,,,,,,,,,,,,,
23.025793,72.587265,Ahmadabad,,,,,,,,,,,,,,,,,,,,,,,,,,,,,,,,,,,,,
22.576882,88.318566,Haora,,,,,,,,,,,,,,,,,,,,,,,,,,,,,,,,,,,,,
18.513271,73.849852,Pune,,,,,,,,,,,,,,,,,,,,,,,,,,,,,,,,,,,,,
21.195944,72.830232,Surat,,,,,,,,,,,,,,,,,,,,,,,,,,,,,,,,,,,,,
26.430066,80.267176,Mardanpur,,,,,,,,,,,,,,,,,,,,,,,,,,,,,,,,,,,,,
26.884682,75.789336,Rampura,,,,,,,,,,,,,,,,,,,,,,,,,,,,,,,,,,,,,
26.839281,80.923133,Lucknow,,,,,,,,,,,,,,,,,,,,,,,,,,,,,,,,,,,,,
21.203096,79.089284,Nara,,,,,,,,,,,,,,,,,,,,,,,,,,,,,,,,,,,,,
25.615379,85.101027,Patna,,,,,,,,,,,,,,,,,,,,,,,,,,,,,,,,,,,,,
22.717736,75.85859,Indore,,,,,,,,,,,,,,,,,,,,,,,,,,,,,,,,,,,,,
22.299405,73.208119,Vadodara,,,,,,,,,,,,,,,,,,,,,,,,,,,,,,,,,,,,,
23.254688,77.402892,Bhopal,,,,,,,,,,,,,,,,,,,,,,,,,,,,,,,,,,,,,
11.005547,76.966122,Coimbatore,,,,,,,,,,,,,,,,,,,,,,,,,,,,,,,,,,,,,
30.912042,75.853789,Ludhiana,,,,,,,,,,,,,,,,,,,,,,,,,,,,,,,,,,,,,
27.187935,78.003944,Agra,,,,,,,,,,,,,,,,,,,,,,,,,,,,,,,,,,,,,
19.243703,73.135537,Kalyan,,,,,,,,,,,,,,,,,,,,,,,,,,,,,,,,,,,,,
17.704052,83.297663,Vishakhapatnam,,,,,,,,,,,,,,,,,,,,,,,,,,,,,,,,,,,,,
9.947743,76.253802,Kochi,,,,,,,,,,,,,,,,,,,,,,,,,,,,,,,,,,,,,
19.999963,73.776887,Nasik,,,,,,,,,,,,,,,,,,,,,,,,,,,,,,,,,,,,,
28.980018,77.706356,Meerut,,,,,,,,,,,,,,,,,,,,,,,,,,,,,,,,,,,,,
28.411236,77.313162,Faridabad,,,,,,,,,,,,,,,,,,,,,,,,,,,,,,,,,,,,,
25.31774,83.005811,Varanasi,,,,,,,,,,,,,,,,,,,,,,,,,,,,,,,,,,,,,
28.665353,77.439148,Ghaziabad,,,,,,,,,,,,,,,,,,,,,,,,,,,,,,,,,,,,,
23.683333,86.983333,Asansol,,,,,,,,,,,,,,,,,,,,,,,,,,,,,,,,,,,,,
22.802776,86.185448,Jamshedpur,,,,,,,,,,,,,,,,,,,,,,,,,,,,,,,,,,,,,
9.917347,78.119622,Madurai,,,,,,,,,,,,,,,,,,,,,,,,,,,,,,,,,,,,,
23.174495,79.935903,Jabalpur,,,,,,,,,,,,,,,,,,,,,,,,,,,,,,,,,,,,,
22.291606,70.793217,Rajkot,,,,,,,,,,,,,,,,,,,,,,,,,,,,,,,,,,,,,
23.801988,86.443244,Dhanbad,,,,,,,,,,,,,,,,,,,,,,,,,,,,,,,,,,,,,
31.622337,74.875335,Amritsar,,,,,,,,,,,,,,,,,,,,,,,,,,,,,,,,,,,,,
17.978423,79.600209,Warangal,,,,,,,,,,,,,,,,,,,,,,,,,,,,,,,,,,,,,
25.44478,81.843217,Allahabad,,,,,,,,,,,,,,,,,,,,,,,,,,,,,,,,,,,,,
34.085652,74.805553,Srinagar,,,,,,,,,,,,,,,,,,,,,,,,,,,,,,,,,,,,,
19.880943,75.346739,Aurangabad,,,,,,,,,,,,,,,,,,,,,,,,,,,,,,,,,,,,,
21.209188,81.428497,Bhilai,,,,,,,,,,,,,,,,,,,,,,,,,,,,,,,,,,,,,
17.671523,75.910437,Solapur,,,,,,,,,,,,,,,,,,,,,,,,,,,,,,,,,,,,,
23.347768,85.338564,Ranchi,,,,,,,,,,,,,,,,,,,,,,,,,,,,,,,,,,,,,
26.26841,73.005943,Jodhpur,,,,,,,,,,,,,,,,,,,,,,,,,,,,,,,,,,,,,
26.176076,91.762932,Guwahati,,,,,,,,,,,,,,,,,,,,,,,,,,,,,,,,,,,,,
30.736292,76.788398,Chandigarh,,,,,,,,,,,,,,,,,,,,,,,,,,,,,,,,,,,,,
26.229825,78.173369,Gwalior,,,,,,,,,,,,,,,,,,,,,,,,,,,,,,,,,,,,,
8.485498,76.949238,Thiruvananthapuram,,,,,,,,,,,,,,,,,,,,,,,,,,,,,,,,,,,,,
10.815499,78.696513,Tiruchchirappalli,,,,,,,,,,,,,,,,,,,,,,,,,,,,,,,,,,,,,
15.349955,75.138619,Hubli,,,,,,,,,,,,,,,,,,,,,,,,,,,,,,,,,,,,,
12.292664,76.638543,Mysore,,,,,,,,,,,,,,,,,,,,,,,,,,,,,,,,,,,,,
21.233333,81.633333,Raipur,,,,,,,,,,,,,,,,,,,,,,,,,,,,,,,,,,,,,
11.651165,78.158672,Salem,,,,,,,,,,,,,,,,,,,,,,,,,,,,,,,,,,,,,
20.272411,85.833853,Bhubaneshwar,,,,,,,,,,,,,,,,,,,,,,,,,,,,,,,,,,,,,
25.182544,75.839065,Kota,,,,,,,,,,,,,,,,,,,,,,,,,,,,,,,,,,,,,
25.458872,78.579943,Jhansi,,,,,,,,,,,,,,,,,,,,,,,,,,,,,,,,,,,,,
28.347023,79.421934,Bareilly,,,,,,,,,,,,,,,,,,,,,,,,,,,,,,,,,,,,,
27.881453,78.07464,Aligarh,,,,,,,,,,,,,,,,,,,,,,,,,,,,,,,,,,,,,
19.300229,73.058813,Bhiwandi,,,,,,,,,,,,,,,,,,,,,,,,,,,,,,,,,,,,,
32.735686,74.869112,Jammu,,,,,,,,,,,,,,,,,,,,,,,,,,,,,,,,,,,,,
28.838931,78.776838,Moradabad,,,,,,,,,,,,,,,,,,,,,,,,,,,,,,,,,,,,,
12.865371,74.842432,Mangalore,,,,,,,,,,,,,,,,,,,,,,,,,,,,,,,,,,,,,
16.695633,74.231669,Kolhapur,,,,,,,,,,,,,,,,,,,,,,,,,,,,,,,,,,,,,
20.933272,77.75152,Amravati,,,,,,,,,,,,,,,,,,,,,,,,,,,,,,,,,,,,,
30.324427,78.033922,DehraDun,,,,,,,,,,,,,,,,,,,,,,,,,,,,,,,,,,,,,
20.569974,74.515415,Malegaon Camp,,,,,,,,,,,,,,,,,,,,,,,,,,,,,,,,,,,,,
14.449918,79.986967,Nellore,,,,,,,,,,,,,,,,,,,,,,,,,,,,,,,,,,,,,
26.735389,83.38064,Gopalpur,,,,,,,,,,,,,,,,,,,,,,,,,,,,,,,,,,,,,
13.932424,75.572555,Shimoga,,,,,,,,,,,,,,,,,,,,,,,,,,,,,,,,,,,,,
11.104096,77.346402,Tiruppur,,,,,,,,,,,,,,,,,,,,,,,,,,,,,,,,,,,,,
22.224964,84.864143,Raurkela,,,,,,,,,,,,,,,,,,,,,,,,,,,,,,,,,,,,,
19.160227,77.314971,Nanded,,,,,,,,,,,,,,,,,,,,,,,,,,,,,,,,,,,,,
15.862643,74.508534,Belgaum,,,,,,,,,,,,,,,,,,,,,,,,,,,,,,,,,,,,,
16.856777,74.569196,Sangli,,,,,,,,,,,,,,,,,,,,,,,,,,,,,,,,,,,,,
19.950758,79.295229,Chanda,,,,,,,,,,,,,,,,,,,,,,,,,,,,,,,,,,,,,
26.452103,74.638667,Ajmer,,,,,,,,,,,,,,,,,,,,,,,,,,,,,,,,,,,,,
20.522922,85.78813,Cuttack,,,,,,,,,,,,,,,,,,,,,,,,,,,,,,,,,,,,,
28.017623,73.314955,Bikaner,,,,,,,,,,,,,,,,,,,,,,,,,,,,,,,,,,,,,
21.774455,72.152496,Bhavnagar,,,,,,,,,,,,,,,,,,,,,,,,,,,,,,,,,,,,,
29.153938,75.722944,Hisar,,,,,,,,,,,,,,,,,,,,,,,,,,,,,,,,,,,,,
22.080046,82.155431,Bilaspur,,,,,,,,,,,,,,,,,,,,,,,,,,,,,,,,,,,,,
8.725181,77.684519,Tirunelveli,,,,,,,,,,,,,,,,,,,,,,,,,,,,,,,,,,,,,
16.299737,80.457293,Guntur,,,,,,,,,,,,,,,,,,,,,,,,,,,,,,,,,,,,,
26.710035,88.428512,Shiliguri,,,,,,,,,,,,,,,,,,,,,,,,,,,,,,,,,,,,,
23.182387,75.776433,Ujjain,,,,,,,,,,,,,,,,,,,,,,,,,,,,,,,,,,,,,
14.469237,75.92375,Davangere,,,,,,,,,,,,,,,,,,,,,,,,,,,,,,,,,,,,,
20.709569,76.998103,Akola,,,,,,,,,,,,,,,,,,,,,,,,,,,,,,,,,,,,,
29.967896,77.545221,Saharanpur,,,,,,,,,,,,,,,,,,,,,,,,,,,,,,,,,,,,,
17.335827,76.83757,Gulbarga,,,,,,,,,,,,,,,,,,,,,,,,,,,,,,,,,,,,,
22.866431,88.401129,Bhatpara,,,,,,,,,,,,,,,,,,,,,,,,,,,,,,,,,,,,,
20.901299,74.777373,Dhulia,,,,,,,,,,,,,,,,,,,,,,,,,,,,,,,,,,,,,
24.57951,73.690508,Udaipur,,,,,,,,,,,,,,,,,,,,,,,,,,,,,,,,,,,,,
15.142049,76.92398,Bellary,,,,,,,,,,,,,,,,,,,,,,,,,,,,,,,,,,,,,
8.805038,78.151884,Tuticorin,,,,,,,,,,,,,,,,,,,,,,,,,,,,,,,,,,,,,
15.828865,78.036021,Kurnool,,,,,,,,,,,,,,,,,,,,,,,,,,,,,,,,,,,,,
24.796858,85.003852,Gaya,,,,,,,,,,,,,,,,,,,,,,,,,,,,,,,,,,,,,
27.614778,75.138671,Sikar,,,,,,,,,,,,,,,,,,,,,,,,,,,,,,,,,,,,,
13.341358,77.102203,Tumkur,,,,,,,,,,,,,,,,,,,,,,,,,,,,,,,,,,,,,
8.881131,76.584694,Kollam,,,,,,,,,,,,,,,,,,,,,,,,,,,,,,,,,,,,,
19.094571,74.738432,Ahmadnagar,,,,,,,,,,,,,,,,,,,,,,,,,,,,,,,,,,,,,
25.347071,74.640812,Bhilwara,,,,,,,,,,,,,,,,,,,,,,,,,,,,,,,,,,,,,
18.673151,78.10008,Nizamabad,,,,,,,,,,,,,,,,,,,,,,,,,,,,,,,,,,,,,
19.268553,76.770807,Parbhani,,,,,,,,,,,,,,,,,,,,,,,,,,,,,,,,,,,,,
25.573987,91.896807,Shillong,,,,,,,,,,,,,,,,,,,,,,,,,,,,,,,,,,,,,
18.399487,76.584252,Latur,,,,,,,,,,,,,,,,,,,,,,,,,,,,,,,,,,,,,
9.451111,77.556121,Rajapalaiyam,,,,,,,,,,,,,,,,,,,,,,,,,,,,,,,,,,,,,
25.244462,86.971832,Bhagalpur,,,,,,,,,,,,,,,,,,,,,,,,,,,,,,,,,,,,,
29.470914,77.703324,Muzaffarnagar,,,,,,,,,,,,,,,,,,,,,,,,,,,,,,,,,,,,,
26.122593,85.390553,Muzaffarpur,,,,,,,,,,,,,,,,,,,,,,,,,,,,,,,,,,,,,
27.503501,77.672145,Mathura,,,,,,,,,,,,,,,,,,,,,,,,,,,,,,,,,,,,,
30.336245,76.392199,Patiala,,,,,,,,,,,,,,,,,,,,,,,,,,,,,,,,,,,,,
23.838766,78.738738,Saugor,,,,,,,,,,,,,,,,,,,,,,,,,,,,,,,,,,,,,
19.311514,84.792903,Brahmapur,,,,,,,,,,,,,,,,,,,,,,,,,,,,,,,,,,,,,
27.874116,79.879327,Shahbazpur,,,,,,,,,,,,,,,,,,,,,,,,,,,,,,,,,,,,,
28.6,77.2,New Delhi,,,,,,,,,,,,,,,,,,,,,,,,,,,,,,,,,,,,,
28.894473,76.589166,Rohtak,,,,,,,,,,,,,,,,,,,,,,,,,,,,,,,,,,,,,
21.478072,83.990505,Samlaipadar,,,,,,,,,,,,,,,,,,,,,,,,,,,,,,,,,,,,,
23.330331,75.040315,Ratlam,,,,,,,,,,,,,,,,,,,,,,,,,,,,,,,,,,,,,
27.150917,78.397808,Firozabad,,,,,,,,,,,,,,,,,,,,,,,,,,,,,,,,,,,,,
17.005171,81.777839,Rajahmundry,,,,,,,,,,,,,,,,,,,,,,,,,,,,,,,,,,,,,
23.255716,87.856906,Barddhaman,,,,,,,,,,,,,,,,,,,,,,,,,,,,,,,,,,,,,
17.913309,77.530105,Bidar,,,,,,,,,,,,,,,,,,,,,,,,,,,,,,,,,,,,,
28.804495,79.040305,Bamanpuri,,,,,,,,,,,,,,,,,,,,,,,,,,,,,,,,,,,,,
16.960361,82.238086,Kakinada,,,,,,,,,,,,,,,,,,,,,,,,,,,,,,,,,,,,,
29.387471,76.968246,Panipat,,,,,,,,,,,,,,,,,,,,,,,,,,,,,,,,,,,,,
17.247672,80.143682,Khammam,,,,,,,,,,,,,,,,,,,,,,,,,,,,,,,,,,,,,
23.253972,69.669281,Bhuj,,,,,,,,,,,,,,,,,,,,,,,,,,,,,,,,,,,,,
18.436738,79.13222,Karimnagar,,,,,,,,,,,,,,,,,,,,,,,,,,,,,,,,,,,,,
13.635505,79.419888,Tirupati,,,,,,,,,,,,,,,,,,,,,,,,,,,,,,,,,,,,,
15.269537,76.387103,Hospet,,,,,,,,,,,,,,,,,,,,,,,,,,,,,,,,,,,,,
12.545602,76.895078,Chikka Mandya,,,,,,,,,,,,,,,,,,,,,,,,,,,,,,,,,,,,,
27.566291,76.610202,Alwar,,,,,,,,,,,,,,,,,,,,,,,,,,,,,,,,,,,,,
23.736701,92.714596,Aizawl,,,,,,,,,,,,,,,,,,,,,,,,,,,,,,,,,,,,,
16.827715,75.718988,Bijapur,,,,,,,,,,,,,,,,,,,,,,,,,,,,,,,,,,,,,
24.808053,93.944203,Imphal,,,,,,,,,,,,,,,,,,,,,,,,,,,,,,,,,,,,,
26.758236,79.014875,Tharati Etawah,,,,,,,,,,,,,,,,,,,,,,,,,,,,,,,,,,,,,
16.205459,77.35567,Raichur,,,,,,,,,,,,,,,,,,,,,,,,,,,,,,,,,,,,,
32.274842,75.652865,Pathankot,,,,,,,,,,,,,,,,,,,,,,,,,,,,,,,,,,,,,
15.823849,80.352187,Chirala,,,,,,,,,,,,,,,,,,,,,,,,,,,,,,,,,,,,,
28.994778,77.019375,Sonipat,,,,,,,,,,,,,,,,,,,,,,,,,,,,,,,,,,,,,
25.144902,82.565335,Mirzapur,,,,,,,,,,,,,,,,,,,,,,,,,,,,,,,,,,,,,
28.729845,77.780681,Hapur,,,,,,,,,,,,,,,,,,,,,,,,,,,,,,,,,,,,,
21.641346,69.600868,Porbandar,,,,,,,,,,,,,,,,,,,,,,,,,,,,,,,,,,,,,
27.215251,77.492786,Bharatpur,,,,,,,,,,,,,,,,,,,,,,,,,,,,,,,,,,,,,
11.933812,79.829792,Puducherry,,,,,,,,,,,,,,,,,,,,,,,,,,,,,,,,,,,,,
29.691971,76.984483,Karnal,,,,,,,,,,,,,,,,,,,,,,,,,,,,,,,,,,,,,
8.177313,77.43437,Nagercoil,,,,,,,,,,,,,,,,,,,,,,,,,,,,,,,,,,,,,
10.785233,79.139093,Thanjavur,,,,,,,,,,,,,,,,,,,,,,,,,,,,,,,,,,,,,
25.775125,73.320611,Pali,,,,,,,,,,,,,,,,,,,,,,,,,,,,,,,,,,,,,
23.836049,91.279386,Agartala,,,,,,,,,,,,,,,,,,,,,,,,,,,,,,,,,,,,,
15.503565,80.044541,Ongole,,,,,,,,,,,,,,,,,,,,,,,,,,,,,,,,,,,,,
19.798254,85.824938,Puri,,,,,,,,,,,,,,,,,,,,,,,,,,,,,,,,,,,,,
10.362853,77.975827,Dindigul,,,,,,,,,,,,,,,,,,,,,,,,,,,,,,,,,,,,,
22.025278,88.058333,Haldia,,,,,,,,,,,,,,,,,,,,,,,,,,,,,,,,,,,,,
28.403922,77.857731,Bulandshahr,,,,,,,,,,,,,,,,,,,,,,,,,,,,,,,,,,,,,
25.776703,87.473655,Purnea,,,,,,,,,,,,,,,,,,,,,,,,,,,,,,,,,,,,,
14.7502,78.548129,Proddatur,,,,,,,,,,,,,,,,,,,,,,,,,,,,,,,,,,,,,
28.460105,77.026352,Gurgaon,,,,,,,,,,,,,,,,,,,,,,,,,,,,,,,,,,,,,
21.273716,76.117376,Khanapur,,,,,,,,,,,,,,,,,,,,,,,,,,,,,,,,,,,,,
16.187466,81.13888,Machilipatnam,,,,,,,,,,,,,,,,,,,,,,,,,,,,,,,,,,,,,
28.793044,76.13968,Bhiwani,,,,,,,,,,,,,,,,,,,,,,,,,,,,,,,,,,,,,
15.477994,78.483605,Nandyal,,,,,,,,,,,,,,,,,,,,,,,,,,,,,,,,,,,,,
21.043649,75.785058,Bhusaval,,,,,,,,,,,,,,,,,,,,,,,,,,,,,,,,,,,,,
27.598203,81.694709,Bharauri,,,,,,,,,,,,,,,,,,,,,,,,,,,,,,,,,,,,,
26.168672,75.786111,Tonk,,,,,,,,,,,,,,,,,,,,,,,,,,,,,,,,,,,,,
29.534893,75.028981,Sirsa,,,,,,,,,,,,,,,,,,,,,,,,,,,,,,,,,,,,,
18.11329,83.397743,Vizianagaram,,,,,,,,,,,,,,,,,,,,,,,,,,,,,,,,,,,,,
12.905769,79.137104,Vellore,,,,,,,,,,,,,,,,,,,,,,,,,,,,,,,,,,,,,
9.494647,76.331108,Alappuzha,,,,,,,,,,,,,,,,,,,,,,,,,,,,,,,,,,,,,
31.104423,77.166623,Shimla,,,,,,,,,,,,,,,,,,,,,,,,,,,,,,,,,,,,,
13.828065,77.491425,Hindupur,,,,,,,,,,,,,,,,,,,,,,,,,,,,,,,,,,,,,
34.209004,74.342853,Baramula,,,,,,,,,,,,,,,,,,,,,,,,,,,,,,,,,,,,,
25.894283,80.792104,Bakshpur,,,,,,,,,,,,,,,,,,,,,,,,,,,,,,,,,,,,,
27.479888,94.90837,Dibrugarh,,,,,,,,,,,,,,,,,,,,,,,,,,,,,,,,,,,,,
27.598784,80.75089,Saidapur,,,,,,,,,,,,,,,,,,,,,,,,,,,,,,,,,,,,,
20.85,72.916667,Navsari,,,,,,,,,,,,,,,,,,,,,,,,,,,,,,,,,,,,,
28.038114,79.126677,Budaun,,,,,,,,,,,,,,,,,,,,,,,,,,,,,,,,,,,,,
11.746289,79.764362,Cuddalore,,,,,,,,,,,,,,,,,,,,,,,,,,,,,,,,,,,,,
31.463218,75.986418,Haripur,,,,,,,,,,,,,,,,,,,,,,,,,,,,,,,,,,,,,
12.869617,79.719469,Krishnapuram,,,,,,,,,,,,,,,,,,,,,,,,,,,,,,,,,,,,,
26.775486,82.150182,Fyzabad,,,,,,,,,,,,,,,,,,,,,,,,,,,,,,,,,,,,,
24.827327,92.797868,Silchar,,,,,,,,,,,,,,,,,,,,,,,,,,,,,,,,,,,,,
30.360993,76.797819,Ambala,,,,,,,,,,,,,,,,,,,,,,,,,,,,,,,,,,,,,
23.405761,88.490733,Krishnanagar,,,,,,,,,,,,,,,,,,,,,,,,,,,,,,,,,,,,,
13.137679,78.129989,KolÄr,,,,,,,,,,,,,,,,,,,,,,,,,,,,,,,,,,,,,
10.959789,79.377472,Kumbakonam,,,,,,,,,,,,,,,,,,,,,,,,,,,,,,,,,,,,,
12.230204,79.072954,Tiruvannamalai,,,,,,,,,,,,,,,,,,,,,,,,,,,,,,,,,,,,,
28.631245,79.804362,Pilibhit,,,,,,,,,,,,,,,,,,,,,,,,,,,,,,,,,,,,,
30.144533,74.19552,Abohar,,,,,,,,,,,,,,,,,,,,,,,,,,,,,,,,,,,,,
11.666667,92.75,Port Blair,,,,,,,,,,,,,,,,,,,,,,,,,,,,,,,,,,,,,
26.4835,89.522855,Alipur Duar,,,,,,,,,,,,,,,,,,,,,,,,,,,,,,,,,,,,,
27.592698,78.013843,Hatisa,,,,,,,,,,,,,,,,,,,,,,,,,,,,,,,,,,,,,
10.325163,76.955299,Valparai,,,,,,,,,,,,,,,,,,,,,,,,,,,,,,,,,,,,,
24.752037,84.374202,Aurangabad,,,,,,,,,,,,,,,,,,,,,,,,,,,,,,,,,,,,,
25.674673,94.110988,Kohima,,,,,,,,,,,,,,,,,,,,,,,,,,,,,,,,,,,,,
27.325739,88.612155,Gangtok,,,,,,,,,,,,,,,,,,,,,,,,,,,,,,,,,,,,,
10.960277,78.076753,Karur,,,,,,,,,,,,,,,,,,,,,,,,,,,,,,,,,,,,,
26.757509,94.203055,Jorhat,,,,,,,,,,,,,,,,,,,,,,,,,,,,,,,,,,,,,
15.498289,73.824541,Panaji,,,,,,,,,,,,,,,,,,,,,,,,,,,,,,,,,,,,,
34.318174,74.457093,Saidpur,,,,,,,,,,,,,,,,,,,,,,,,,,,,,,,,,,,,,
26.633333,92.8,Tezpur,,,,,,,,,,,,,,,,,,,,,,,,,,,,,,,,,,,,,
27.102349,93.692047,Itanagar,,,,,,,,,,,,,,,,,,,,,,,,,,,,,,,,,,,,,
20.414315,72.83236,Daman,,,,,,,,,,,,,,,,,,,,,,,,,,,,,,,,,,,,,
20.273855,72.996728,Silvassa,,,,,,,,,,,,,,,,,,,,,,,,,,,,,,,,,,,,,
20.715115,70.987952,Diu,,,,,,,,,,,,,,,,,,,,,,,,,,,,,,,,,,,,,
26.135638,91.800688,Dispur,,,,,,,,,,,,,,,,,,,,,,,,,,,,,,,,,,,,,
10.566667,72.616667,Kavaratti,,,,,,,,,,,,,,,,,,,,,,,,,,,,,,,,,,,,,
11.248016,75.780402,Calicut,,,,,,,,,,,,,,,,,,,,,,,,,,,,,,,,,,,,,
19.331589,79.466051,Kagaznagar,,,,,,,,,,,,,,,,,,,,,,,,,,,,,,,,,,,,,
26.913312,75.787872,Jaipur,,,,,,,,,,,,,,,,,,,,,,,,,,,,,,,,,,,,,
23.216667,72.683333,Ghandinagar,,,,,,,,,,,,,,,,,,,,,,,,,,,,,,,,,,,,,
30.691512,76.853736,Panchkula,,,,,,,,,,,,,,,,,,,,,,,,,,,,,,,,,,,,,
